Page,Day Index,Page Views,Unique Page Views,Avg. Time on Page,Entrances,Bounce Rate,% Exit,Page Value
/banco-auxiliar-minimalista-marron-madera-cuarto-de-ba-o-vitta.html,18/10/2017,9,9,00:02:52,0,0.00%,0.00%,€0.00
/banco-auxiliar-minimalista-marron-madera-cuarto-de-ba-o-vitta.html,19/10/2017,9,9,00:00:00,9,100.00%,100.00%,€0.00
/banco-auxiliar-minimalista-marron-madera-cuarto-de-ba-o-vitta.html,21/10/2017,28,19,00:00:40,19,0.00%,0.00%,€0.00
/banco-auxiliar-minimalista-marron-madera-cuarto-de-ba-o-vitta.html,22/10/2017,28,19,00:00:22,19,47.37%,67.86%,€0.00
/banco-auxiliar-minimalista-marron-madera-cuarto-de-ba-o-vitta.html,02/11/2017,9,9,00:00:36,0,0.00%,0.00%,€0.00
/banco-auxiliar-minimalista-marron-madera-cuarto-de-ba-o-vitta.html,03/11/2017,9,9,00:00:27,0,0.00%,0.00%,€0.00
/banco-auxiliar-minimalista-marron-madera-cuarto-de-ba-o-vitta.html,04/11/2017,37,28,00:00:18,0,0.00%,24.32%,€0.00
/banco-auxiliar-minimalista-marron-madera-cuarto-de-ba-o-vitta.html,15/11/2017,9,9,00:00:00,0,0.00%,100.00%,€0.00
/banco-auxiliar-minimalista-marron-madera-cuarto-de-ba-o-vitta.html,16/11/2017,9,9,00:00:28,0,0.00%,0.00%,€0.00
/banco-auxiliar-minimalista-marron-madera-cuarto-de-ba-o-vitta.html,21/11/2017,9,9,00:00:30,9,0.00%,0.00%,€0.00
/banco-auxiliar-minimalista-marron-madera-cuarto-de-ba-o-vitta.html,27/11/2017,9,9,00:00:22,0,0.00%,0.00%,€0.00
/banco-auxiliar-minimalista-marron-madera-cuarto-de-ba-o-vitta.html,30/11/2017,9,9,00:00:00,9,100.00%,100.00%,€0.00
/banco-auxiliar-minimalista-marron-madera-cuarto-de-ba-o-vitta.html,03/12/2017,9,9,00:00:00,9,100.00%,100.00%,€0.00
/banco-auxiliar-minimalista-marron-madera-cuarto-de-ba-o-vitta.html,10/12/2017,9,9,00:01:33,0,0.00%,0.00%,€0.00
/banco-auxiliar-minimalista-marron-madera-cuarto-de-ba-o-vitta.html,20/12/2017,19,19,00:00:23,9,100.00%,47.37%,€0.00
/banco-auxiliar-minimalista-marron-madera-cuarto-de-ba-o-vitta.html,12/01/2018,9,9,00:00:10,0,0.00%,0.00%,€0.00
/banco-auxiliar-minimalista-marron-madera-cuarto-de-ba-o-vitta.html,13/01/2018,9,9,00:00:00,9,100.00%,100.00%,€0.00
/banco-auxiliar-minimalista-marron-madera-cuarto-de-ba-o-vitta.html,16/01/2018,9,9,00:00:44,0,0.00%,0.00%,€0.00
/banco-auxiliar-minimalista-marron-madera-cuarto-de-ba-o-vitta.html,22/01/2018,84,47,00:00:48,37,51.35%,33.33%,€0.00
/banco-auxiliar-minimalista-marron-madera-cuarto-de-ba-o-vitta.html,23/01/2018,19,19,00:00:00,19,100.00%,100.00%,€0.00
/banco-auxiliar-minimalista-marron-madera-cuarto-de-ba-o-vitta.html,24/01/2018,9,9,00:00:00,9,100.00%,100.00%,€0.00
/banco-auxiliar-minimalista-marron-madera-cuarto-de-ba-o-vitta.html,25/01/2018,19,19,00:00:00,19,100.00%,100.00%,€0.00
/banco-auxiliar-minimalista-marron-madera-cuarto-de-ba-o-vitta.html,27/01/2018,9,9,00:00:00,9,100.00%,100.00%,€0.00
/banco-auxiliar-minimalista-marron-madera-cuarto-de-ba-o-vitta.html,29/01/2018,9,9,00:00:00,9,100.00%,100.00%,€0.00
/banco-auxiliar-minimalista-marron-madera-cuarto-de-ba-o-vitta.html,30/01/2018,19,19,00:00:12,9,100.00%,47.37%,€0.00
/banco-auxiliar-minimalista-marron-madera-cuarto-de-ba-o-vitta.html,01/02/2018,9,9,00:00:00,9,100.00%,100.00%,€0.00
/banco-auxiliar-minimalista-marron-madera-cuarto-de-ba-o-vitta.html,06/02/2018,9,9,00:00:00,9,100.00%,100.00%,€0.00
/banco-auxiliar-minimalista-marron-madera-cuarto-de-ba-o-vitta.html,08/02/2018,9,9,00:00:00,9,100.00%,100.00%,€0.00
/banco-auxiliar-minimalista-marron-madera-cuarto-de-ba-o-vitta.html,11/02/2018,19,19,00:00:31,9,100.00%,47.37%,€0.00
/banco-auxiliar-minimalista-marron-madera-cuarto-de-ba-o-vitta.html,12/02/2018,19,19,00:00:00,19,100.00%,100.00%,€0.00
/banco-auxiliar-minimalista-marron-madera-cuarto-de-ba-o-vitta.html,22/02/2018,47,19,00:02:16,9,100.00%,40.43%,€0.00
/banco-auxiliar-minimalista-marron-madera-cuarto-de-ba-o-vitta.html,23/02/2018,19,19,00:00:00,19,100.00%,100.00%,€0.00
/banco-auxiliar-minimalista-marron-madera-cuarto-de-ba-o-vitta.html,24/02/2018,9,9,00:09:03,9,0.00%,0.00%,€0.00
/banco-auxiliar-minimalista-marron-madera-cuarto-de-ba-o-vitta.html,25/02/2018,19,19,00:00:00,19,100.00%,100.00%,€0.00
/banco-auxiliar-minimalista-marron-madera-cuarto-de-ba-o-vitta.html,28/03/2018,9,9,00:00:00,0,0.00%,100.00%,€0.00
/banco-auxiliar-minimalista-marron-madera-cuarto-de-ba-o-vitta.html,26/04/2018,9,9,00:00:56,0,0.00%,0.00%,€0.00
/banco-auxiliar-minimalista-marron-madera-cuarto-de-ba-o-vitta.html,28/04/2018,9,9,00:00:00,0,0.00%,100.00%,€0.00
/banco-auxiliar-minimalista-marron-madera-cuarto-de-ba-o-vitta.html,29/04/2018,9,9,00:00:00,9,100.00%,100.00%,€0.00
/banco-auxiliar-minimalista-marron-madera-cuarto-de-ba-o-vitta.html,03/05/2018,9,9,00:00:25,0,0.00%,0.00%,€0.00
/banco-auxiliar-minimalista-marron-madera-cuarto-de-ba-o-vitta.html,21/05/2018,9,9,00:00:11,0,0.00%,0.00%,€0.00
/banco-auxiliar-minimalista-marron-madera-cuarto-de-ba-o-vitta.html,28/05/2018,9,9,00:00:03,0,0.00%,0.00%,€0.00
/banco-auxiliar-minimalista-marron-madera-cuarto-de-ba-o-vitta.html,29/05/2018,9,9,00:00:12,0,0.00%,0.00%,€0.00
/banco-auxiliar-minimalista-marron-madera-cuarto-de-ba-o-vitta.html,31/05/2018,9,9,00:00:03,0,0.00%,0.00%,€0.00
/banco-auxiliar-minimalista-marron-madera-cuarto-de-ba-o-vitta.html,02/06/2018,9,9,00:00:34,0,0.00%,0.00%,€0.00
/banco-auxiliar-minimalista-marron-madera-cuarto-de-ba-o-vitta.html,25/06/2018,9,9,00:00:22,0,0.00%,0.00%,€0.00
/banco-auxiliar-minimalista-marron-madera-cuarto-de-ba-o-vitta.html,10/07/2018,9,9,00:01:58,0,0.00%,0.00%,€0.00
/banco-auxiliar-minimalista-marron-madera-cuarto-de-ba-o-vitta.html,13/07/2018,9,9,00:01:19,0,0.00%,0.00%,€0.00
/banco-auxiliar-minimalista-marron-madera-cuarto-de-ba-o-vitta.html,22/07/2018,9,9,00:00:00,9,100.00%,100.00%,€0.00
/banco-auxiliar-minimalista-marron-madera-cuarto-de-ba-o-vitta.html,23/07/2018,9,9,00:00:17,0,0.00%,0.00%,€0.00
/banco-auxiliar-minimalista-marron-madera-cuarto-de-ba-o-vitta.html,25/07/2018,37,9,00:00:40,0,0.00%,0.00%,€78.31
/banco-auxiliar-minimalista-marron-madera-cuarto-de-ba-o-vitta.html,29/07/2018,9,9,00:01:04,0,0.00%,0.00%,€0.00
/banco-auxiliar-minimalista-marron-madera-cuarto-de-ba-o-vitta.html,09/08/2018,19,19,00:00:23,19,47.37%,47.37%,€0.00
/banco-auxiliar-minimalista-marron-madera-cuarto-de-ba-o-vitta.html,10/08/2018,19,19,00:21:26,19,47.37%,47.37%,€0.00
/banco-auxiliar-minimalista-marron-madera-cuarto-de-ba-o-vitta.html,11/08/2018,9,9,00:00:00,9,100.00%,100.00%,€0.00
/banco-auxiliar-minimalista-marron-madera-cuarto-de-ba-o-vitta.html,12/08/2018,66,56,00:01:10,56,66.07%,84.85%,€0.00
/banco-auxiliar-minimalista-marron-madera-cuarto-de-ba-o-vitta.html,13/08/2018,28,19,00:05:41,19,47.37%,67.86%,€0.00
/banco-auxiliar-minimalista-marron-madera-cuarto-de-ba-o-vitta.html,14/08/2018,19,19,00:00:00,19,100.00%,100.00%,€0.00
/banco-auxiliar-minimalista-marron-madera-cuarto-de-ba-o-vitta.html,15/08/2018,103,94,00:01:36,94,79.79%,81.55%,€0.00
/banco-auxiliar-minimalista-marron-madera-cuarto-de-ba-o-vitta.html,16/08/2018,37,28,00:00:58,28,32.14%,51.35%,€0.00
/banco-auxiliar-minimalista-marron-madera-cuarto-de-ba-o-vitta.html,17/08/2018,94,84,00:00:54,66,84.85%,70.21%,€0.00
/banco-auxiliar-minimalista-marron-madera-cuarto-de-ba-o-vitta.html,18/08/2018,112,75,00:00:34,66,84.85%,50.00%,€0.00
/banco-auxiliar-minimalista-marron-madera-cuarto-de-ba-o-vitta.html,19/08/2018,47,28,00:02:11,19,0.00%,59.57%,€0.00
/banco-auxiliar-minimalista-marron-madera-cuarto-de-ba-o-vitta.html,20/08/2018,19,19,00:00:45,19,0.00%,0.00%,€0.00
/banco-auxiliar-minimalista-marron-madera-cuarto-de-ba-o-vitta.html,21/08/2018,19,19,00:00:00,9,100.00%,100.00%,€0.00
/banco-auxiliar-minimalista-marron-madera-cuarto-de-ba-o-vitta.html,22/08/2018,19,19,00:00:29,19,47.37%,47.37%,€0.00
/banco-auxiliar-minimalista-marron-madera-cuarto-de-ba-o-vitta.html,23/08/2018,9,9,00:02:05,0,0.00%,0.00%,€0.00
/banco-auxiliar-minimalista-marron-madera-cuarto-de-ba-o-vitta.html,24/08/2018,9,9,00:00:00,0,0.00%,100.00%,€0.00
/banco-auxiliar-minimalista-marron-madera-cuarto-de-ba-o-vitta.html,27/08/2018,28,28,00:00:00,28,100.00%,100.00%,€0.00
/banco-auxiliar-minimalista-marron-madera-cuarto-de-ba-o-vitta.html,29/08/2018,75,47,00:00:56,37,51.35%,37.33%,€0.00
/banco-auxiliar-minimalista-marron-madera-cuarto-de-ba-o-vitta.html,30/08/2018,19,19,00:00:42,0,0.00%,0.00%,€0.00
/banco-auxiliar-minimalista-marron-madera-cuarto-de-ba-o-vitta.html,31/08/2018,9,9,00:01:02,0,0.00%,0.00%,€0.00
/banco-auxiliar-minimalista-marron-madera-cuarto-de-ba-o-vitta.html,02/09/2018,9,9,00:00:00,9,100.00%,100.00%,€0.00
/banco-auxiliar-minimalista-marron-madera-cuarto-de-ba-o-vitta.html,03/09/2018,47,37,00:00:21,19,100.00%,59.57%,€9.08
/banco-auxiliar-minimalista-marron-madera-cuarto-de-ba-o-vitta.html,05/09/2018,47,19,00:01:15,19,47.37%,40.43%,€0.00
/banco-auxiliar-minimalista-marron-madera-cuarto-de-ba-o-vitta.html,06/09/2018,56,47,00:01:29,47,78.72%,83.93%,€0.00
/banco-auxiliar-minimalista-marron-madera-cuarto-de-ba-o-vitta.html,07/09/2018,19,19,00:00:00,19,100.00%,100.00%,€0.00
/banco-auxiliar-minimalista-marron-madera-cuarto-de-ba-o-vitta.html,08/09/2018,9,9,00:00:00,9,100.00%,100.00%,€0.00
/banco-auxiliar-minimalista-marron-madera-cuarto-de-ba-o-vitta.html,09/09/2018,28,28,00:00:00,28,100.00%,100.00%,€0.00
/banco-auxiliar-minimalista-marron-madera-cuarto-de-ba-o-vitta.html,10/09/2018,19,19,00:00:21,9,0.00%,0.00%,€0.00
/banco-auxiliar-minimalista-marron-madera-cuarto-de-ba-o-vitta.html,11/09/2018,28,19,00:00:53,9,0.00%,0.00%,€0.00
/banco-auxiliar-minimalista-marron-madera-cuarto-de-ba-o-vitta.html,12/09/2018,19,19,00:00:00,19,100.00%,100.00%,€0.00
/banco-auxiliar-minimalista-marron-madera-cuarto-de-ba-o-vitta.html,13/09/2018,9,9,00:00:20,0,0.00%,0.00%,€0.00
/banco-auxiliar-minimalista-marron-madera-cuarto-de-ba-o-vitta.html,14/09/2018,28,28,00:00:00,28,100.00%,100.00%,€0.00
/banco-auxiliar-minimalista-marron-madera-cuarto-de-ba-o-vitta.html,15/09/2018,19,19,00:00:00,19,100.00%,100.00%,€0.00
/banco-auxiliar-minimalista-marron-madera-cuarto-de-ba-o-vitta.html,16/09/2018,28,28,00:00:43,28,32.14%,32.14%,€0.00
/banco-auxiliar-minimalista-marron-madera-cuarto-de-ba-o-vitta.html,17/09/2018,37,28,00:07:54,28,67.86%,75.68%,€0.00
/banco-auxiliar-minimalista-marron-madera-cuarto-de-ba-o-vitta.html,18/09/2018,28,28,00:00:00,28,100.00%,100.00%,€0.00
/banco-auxiliar-minimalista-marron-madera-cuarto-de-ba-o-vitta.html,19/09/2018,66,56,00:01:20,56,66.07%,56.06%,€0.00
/banco-auxiliar-minimalista-marron-madera-cuarto-de-ba-o-vitta.html,20/09/2018,56,56,00:00:49,47,100.00%,83.93%,€0.00
/banco-auxiliar-minimalista-marron-madera-cuarto-de-ba-o-vitta.html,21/09/2018,28,28,00:00:00,28,100.00%,100.00%,€0.00
/banco-auxiliar-minimalista-marron-madera-cuarto-de-ba-o-vitta.html,22/09/2018,75,75,00:00:10,66,100.00%,88.00%,€0.00
/banco-auxiliar-minimalista-marron-madera-cuarto-de-ba-o-vitta.html,23/09/2018,28,28,00:00:29,28,67.86%,67.86%,€0.00
/banco-auxiliar-minimalista-marron-madera-cuarto-de-ba-o-vitta.html,24/09/2018,47,47,00:00:33,47,59.57%,59.57%,€0.00
/banco-auxiliar-minimalista-marron-madera-cuarto-de-ba-o-vitta.html,25/09/2018,94,66,00:02:23,56,66.07%,59.57%,€0.00
/banco-auxiliar-minimalista-marron-madera-cuarto-de-ba-o-vitta.html,26/09/2018,47,47,00:00:00,47,78.72%,100.00%,€0.00
/banco-auxiliar-minimalista-marron-madera-cuarto-de-ba-o-vitta.html,27/09/2018,37,37,00:00:59,37,75.68%,75.68%,€0.00
/banco-auxiliar-minimalista-marron-madera-cuarto-de-ba-o-vitta.html,28/09/2018,47,47,00:00:00,47,100.00%,100.00%,€0.00
/banco-auxiliar-minimalista-marron-madera-cuarto-de-ba-o-vitta.html,29/09/2018,112,112,00:00:00,112,100.00%,100.00%,€0.00
/banco-auxiliar-minimalista-marron-madera-cuarto-de-ba-o-vitta.html,30/09/2018,122,112,00:00:30,94,89.36%,77.05%,€0.00
/banco-auxiliar-minimalista-marron-madera-cuarto-de-ba-o-vitta.html,01/10/2018,56,56,00:01:12,56,83.93%,83.93%,€0.00
/banco-auxiliar-minimalista-marron-madera-cuarto-de-ba-o-vitta.html,02/10/2018,19,19,00:00:00,19,100.00%,100.00%,€0.00
/banco-auxiliar-minimalista-marron-madera-cuarto-de-ba-o-vitta.html,03/10/2018,47,37,00:00:33,28,67.86%,59.57%,€0.00
/banco-auxiliar-minimalista-marron-madera-cuarto-de-ba-o-vitta.html,04/10/2018,47,47,00:00:57,47,78.72%,78.72%,€0.00
/banco-auxiliar-minimalista-marron-madera-cuarto-de-ba-o-vitta.html,06/10/2018,37,28,00:00:33,28,67.86%,75.68%,€0.00
/banco-auxiliar-minimalista-marron-madera-cuarto-de-ba-o-vitta.html,07/10/2018,28,28,00:00:00,28,100.00%,100.00%,€0.00
/banco-auxiliar-minimalista-marron-madera-cuarto-de-ba-o-vitta.html,08/10/2018,19,19,00:02:17,19,47.37%,47.37%,€15.67
/banco-auxiliar-minimalista-marron-madera-cuarto-de-ba-o-vitta.html,09/10/2018,47,37,00:00:56,37,24.32%,19.15%,€0.00
/banco-auxiliar-minimalista-marron-madera-cuarto-de-ba-o-vitta.html,10/10/2018,47,28,00:01:12,28,32.14%,59.57%,€0.00
/banco-auxiliar-minimalista-marron-madera-cuarto-de-ba-o-vitta.html,11/10/2018,9,9,00:00:00,9,100.00%,100.00%,€0.00
/banco-auxiliar-minimalista-marron-madera-cuarto-de-ba-o-vitta.html,12/10/2018,9,9,00:00:00,9,100.00%,100.00%,€0.00
/banco-auxiliar-minimalista-marron-madera-cuarto-de-ba-o-vitta.html,13/10/2018,9,9,00:00:00,9,100.00%,100.00%,€0.00
/banco-auxiliar-minimalista-marron-madera-cuarto-de-ba-o-vitta.html,14/10/2018,9,9,00:04:38,9,0.00%,0.00%,€0.00
/banco-auxiliar-minimalista-marron-madera-cuarto-de-ba-o-vitta.html,15/10/2018,37,37,00:00:00,37,100.00%,100.00%,€0.00
/banco-auxiliar-minimalista-marron-madera-cuarto-de-ba-o-vitta.html,17/10/2018,9,9,00:00:00,9,100.00%,100.00%,€0.00
/banco-auxiliar-minimalista-marron-madera-cuarto-de-ba-o-vitta.html,18/10/2018,9,9,00:00:00,9,100.00%,100.00%,€0.00
/banco-auxiliar-minimalista-marron-madera-cuarto-de-ba-o-vitta.html,19/10/2018,9,9,00:00:00,9,100.00%,100.00%,€0.00
/banco-auxiliar-minimalista-marron-madera-cuarto-de-ba-o-vitta.html,20/10/2018,19,19,00:02:56,9,100.00%,47.37%,€0.00
/banco-auxiliar-minimalista-marron-madera-cuarto-de-ba-o-vitta.html,23/10/2018,9,9,00:00:56,0,0.00%,0.00%,€0.00
/banco-auxiliar-minimalista-marron-madera-cuarto-de-ba-o-vitta.html,24/10/2018,9,9,00:00:00,9,100.00%,100.00%,€0.00
/banco-auxiliar-minimalista-marron-madera-cuarto-de-ba-o-vitta.html,26/10/2018,9,9,00:00:00,9,100.00%,100.00%,€0.00
/banco-auxiliar-minimalista-marron-madera-cuarto-de-ba-o-vitta.html,28/10/2018,28,28,00:00:34,9,0.00%,0.00%,€0.00
/banco-auxiliar-minimalista-marron-madera-cuarto-de-ba-o-vitta.html,29/10/2018,19,19,00:01:03,9,100.00%,47.37%,€0.00
/banco-auxiliar-minimalista-marron-madera-cuarto-de-ba-o-vitta.html,02/11/2018,9,9,00:00:00,9,100.00%,100.00%,€0.00
/banco-auxiliar-minimalista-marron-madera-cuarto-de-ba-o-vitta.html,03/11/2018,19,19,00:01:06,0,0.00%,0.00%,€0.00
/banco-auxiliar-minimalista-marron-madera-cuarto-de-ba-o-vitta.html,04/11/2018,19,19,00:00:00,19,100.00%,100.00%,€0.00
/banco-auxiliar-minimalista-marron-madera-cuarto-de-ba-o-vitta.html,06/11/2018,9,9,00:01:09,9,0.00%,0.00%,€0.00
/banco-auxiliar-minimalista-marron-madera-cuarto-de-ba-o-vitta.html,10/11/2018,9,9,00:00:00,9,100.00%,100.00%,€0.00
/banco-auxiliar-minimalista-marron-madera-cuarto-de-ba-o-vitta.html,11/11/2018,19,9,00:00:26,0,0.00%,0.00%,€72.59
/banco-auxiliar-minimalista-marron-madera-cuarto-de-ba-o-vitta.html,13/11/2018,9,9,00:00:42,0,0.00%,0.00%,€0.00
/banco-auxiliar-minimalista-marron-madera-cuarto-de-ba-o-vitta.html,14/11/2018,19,19,00:00:23,19,47.37%,47.37%,€0.00
/banco-auxiliar-minimalista-marron-madera-cuarto-de-ba-o-vitta.html,16/11/2018,9,9,00:00:00,9,100.00%,100.00%,€0.00
/banco-auxiliar-minimalista-marron-madera-cuarto-de-ba-o-vitta.html,17/11/2018,9,9,00:00:00,9,100.00%,100.00%,€0.00
/banco-auxiliar-minimalista-marron-madera-cuarto-de-ba-o-vitta.html,18/11/2018,9,9,00:00:00,9,100.00%,100.00%,€0.00
/banco-auxiliar-minimalista-marron-madera-cuarto-de-ba-o-vitta.html,19/11/2018,19,19,00:00:06,9,100.00%,47.37%,€0.00
/banco-auxiliar-minimalista-marron-madera-cuarto-de-ba-o-vitta.html,20/11/2018,19,9,00:01:26,0,0.00%,0.00%,€0.00
/banco-auxiliar-minimalista-marron-madera-cuarto-de-ba-o-vitta.html,21/11/2018,9,9,00:00:15,0,0.00%,0.00%,€0.00
/banco-auxiliar-minimalista-marron-madera-cuarto-de-ba-o-vitta.html,22/11/2018,47,19,00:00:42,9,0.00%,19.15%,€0.00
/banco-auxiliar-minimalista-marron-madera-cuarto-de-ba-o-vitta.html,23/11/2018,37,37,00:00:36,19,100.00%,75.68%,€0.00
/banco-auxiliar-minimalista-marron-madera-cuarto-de-ba-o-vitta.html,26/11/2018,19,19,00:00:20,9,100.00%,47.37%,€0.00
/banco-auxiliar-minimalista-marron-madera-cuarto-de-ba-o-vitta.html,02/12/2018,9,9,00:00:00,9,100.00%,100.00%,€0.00
/banco-auxiliar-minimalista-marron-madera-cuarto-de-ba-o-vitta.html,03/12/2018,9,9,00:01:04,0,0.00%,0.00%,€0.00
/banco-auxiliar-minimalista-marron-madera-cuarto-de-ba-o-vitta.html,05/12/2018,9,9,00:00:00,9,100.00%,100.00%,€0.00
/banco-auxiliar-minimalista-marron-madera-cuarto-de-ba-o-vitta.html,06/12/2018,19,19,00:01:12,9,100.00%,47.37%,€0.00
/banco-auxiliar-minimalista-marron-madera-cuarto-de-ba-o-vitta.html,09/12/2018,9,9,00:00:00,9,100.00%,100.00%,€0.00
/banco-auxiliar-minimalista-marron-madera-cuarto-de-ba-o-vitta.html,11/12/2018,9,9,00:00:00,9,100.00%,100.00%,€0.00
/banco-auxiliar-minimalista-marron-madera-cuarto-de-ba-o-vitta.html,12/12/2018,9,9,00:00:00,9,100.00%,100.00%,€0.00
/banco-auxiliar-minimalista-marron-madera-cuarto-de-ba-o-vitta.html,14/12/2018,9,9,00:00:00,9,100.00%,100.00%,€0.00
/banco-auxiliar-minimalista-marron-madera-cuarto-de-ba-o-vitta.html,17/12/2018,9,9,00:00:00,9,100.00%,100.00%,€0.00
/banco-auxiliar-minimalista-marron-madera-cuarto-de-ba-o-vitta.html,18/12/2018,9,9,00:00:00,9,100.00%,100.00%,€0.00
/banco-auxiliar-minimalista-marron-madera-cuarto-de-ba-o-vitta.html,21/12/2018,9,9,00:00:00,9,100.00%,100.00%,€0.00
/banco-auxiliar-minimalista-marron-madera-cuarto-de-ba-o-vitta.html,22/12/2018,9,9,00:00:00,9,100.00%,100.00%,€0.00
/banco-auxiliar-minimalista-marron-madera-cuarto-de-ba-o-vitta.html,28/12/2018,9,9,00:02:05,0,0.00%,0.00%,€0.00
/banco-auxiliar-minimalista-marron-madera-cuarto-de-ba-o-vitta.html,08/01/2019,9,9,00:00:42,9,0.00%,0.00%,€0.00
/banco-auxiliar-minimalista-marron-madera-cuarto-de-ba-o-vitta.html,09/01/2019,9,9,00:00:00,0,0.00%,100.00%,€0.00
/banco-auxiliar-minimalista-marron-madera-cuarto-de-ba-o-vitta.html,12/01/2019,19,19,00:00:46,9,0.00%,0.00%,€0.00
/banco-auxiliar-minimalista-marron-madera-cuarto-de-ba-o-vitta.html,15/01/2019,9,9,00:03:02,0,0.00%,0.00%,€0.00
/banco-auxiliar-minimalista-marron-madera-cuarto-de-ba-o-vitta.html,16/01/2019,9,9,00:00:16,0,0.00%,0.00%,€0.00
/banco-auxiliar-minimalista-marron-madera-cuarto-de-ba-o-vitta.html,20/01/2019,9,9,00:00:18,0,0.00%,0.00%,€0.00
/banco-auxiliar-minimalista-marron-madera-cuarto-de-ba-o-vitta.html,22/01/2019,9,9,00:00:42,0,0.00%,0.00%,€0.00
/banco-auxiliar-minimalista-marron-madera-cuarto-de-ba-o-vitta.html,30/01/2019,9,9,00:00:00,9,100.00%,100.00%,€0.00
/banco-auxiliar-minimalista-marron-madera-cuarto-de-ba-o-vitta.html,01/02/2019,9,9,00:01:23,0,0.00%,0.00%,€0.00
/banco-auxiliar-minimalista-marron-madera-cuarto-de-ba-o-vitta.html,02/02/2019,9,9,00:02:13,0,0.00%,0.00%,€0.00
/banco-auxiliar-minimalista-marron-madera-cuarto-de-ba-o-vitta.html,05/02/2019,9,9,00:00:05,0,0.00%,0.00%,€0.00
/banco-auxiliar-minimalista-marron-madera-cuarto-de-ba-o-vitta.html,06/02/2019,28,28,00:01:43,19,100.00%,67.86%,€0.00
/banco-auxiliar-minimalista-marron-madera-cuarto-de-ba-o-vitta.html,07/02/2019,9,9,00:00:00,9,100.00%,100.00%,€0.00
/banco-auxiliar-minimalista-marron-madera-cuarto-de-ba-o-vitta.html,08/02/2019,9,9,00:00:09,0,0.00%,0.00%,€0.00
/banco-auxiliar-minimalista-marron-madera-cuarto-de-ba-o-vitta.html,10/02/2019,19,19,00:00:53,9,0.00%,0.00%,€0.00
/banco-auxiliar-minimalista-marron-madera-cuarto-de-ba-o-vitta.html,11/02/2019,9,9,00:00:00,0,0.00%,100.00%,€0.00
/banco-auxiliar-minimalista-marron-madera-cuarto-de-ba-o-vitta.html,12/02/2019,9,9,00:00:33,0,0.00%,0.00%,€0.00
/banco-auxiliar-minimalista-marron-madera-cuarto-de-ba-o-vitta.html,13/02/2019,37,37,00:00:34,19,67.86%,75.68%,€0.00
/banco-auxiliar-minimalista-marron-madera-cuarto-de-ba-o-vitta.html,14/02/2019,9,9,00:00:00,0,0.00%,100.00%,€0.00
/banco-auxiliar-minimalista-marron-madera-cuarto-de-ba-o-vitta.html,17/02/2019,9,9,00:00:00,9,100.00%,100.00%,€0.00
/banco-auxiliar-minimalista-marron-madera-cuarto-de-ba-o-vitta.html,19/02/2019,19,19,00:00:31,9,100.00%,47.37%,€0.00
/banco-auxiliar-minimalista-marron-madera-cuarto-de-ba-o-vitta.html,20/02/2019,19,19,00:00:48,9,0.00%,0.00%,€0.00
/banco-auxiliar-minimalista-marron-madera-cuarto-de-ba-o-vitta.html,21/02/2019,9,9,00:00:00,9,100.00%,100.00%,€0.00
/banco-auxiliar-minimalista-marron-madera-cuarto-de-ba-o-vitta.html,23/02/2019,19,9,00:00:38,0,0.00%,0.00%,€0.00
/banco-auxiliar-minimalista-marron-madera-cuarto-de-ba-o-vitta.html,25/02/2019,9,9,00:00:36,9,0.00%,0.00%,€0.00
/banco-auxiliar-minimalista-marron-madera-cuarto-de-ba-o-vitta.html,27/02/2019,19,19,00:00:00,19,100.00%,100.00%,€0.00
/banco-auxiliar-minimalista-marron-madera-cuarto-de-ba-o-vitta.html,01/03/2019,9,9,00:00:00,9,100.00%,100.00%,€0.00
/banco-auxiliar-minimalista-marron-madera-cuarto-de-ba-o-vitta.html,02/03/2019,9,9,00:00:00,9,100.00%,100.00%,€0.00
/banco-auxiliar-minimalista-marron-madera-cuarto-de-ba-o-vitta.html,07/03/2019,9,9,00:00:25,9,0.00%,0.00%,€0.00
/banco-auxiliar-minimalista-marron-madera-cuarto-de-ba-o-vitta.html,08/03/2019,9,9,00:00:00,9,100.00%,100.00%,€0.00
/banco-auxiliar-minimalista-marron-madera-cuarto-de-ba-o-vitta.html,10/03/2019,9,9,00:00:00,9,100.00%,100.00%,€0.00
/banco-auxiliar-minimalista-marron-madera-cuarto-de-ba-o-vitta.html,11/03/2019,19,19,00:00:17,9,100.00%,47.37%,€0.00
/banco-auxiliar-minimalista-marron-madera-cuarto-de-ba-o-vitta.html,16/03/2019,9,9,00:00:00,0,0.00%,100.00%,€0.00
/banco-auxiliar-minimalista-marron-madera-cuarto-de-ba-o-vitta.html,17/03/2019,19,19,00:01:47,9,0.00%,0.00%,€0.00
/banco-auxiliar-minimalista-marron-madera-cuarto-de-ba-o-vitta.html,18/03/2019,9,9,00:00:00,9,100.00%,100.00%,€0.00
/banco-auxiliar-minimalista-marron-madera-cuarto-de-ba-o-vitta.html,20/03/2019,9,9,00:00:00,9,100.00%,100.00%,€0.00
/banco-auxiliar-minimalista-marron-madera-cuarto-de-ba-o-vitta.html,26/03/2019,28,19,00:01:17,19,47.37%,67.86%,€0.00
/banco-auxiliar-minimalista-marron-madera-cuarto-de-ba-o-vitta.html,27/03/2019,19,19,00:02:52,19,47.37%,47.37%,€0.00
/banco-auxiliar-minimalista-marron-madera-cuarto-de-ba-o-vitta.html,28/03/2019,9,9,00:00:00,9,100.00%,100.00%,€0.00
/banco-auxiliar-minimalista-marron-madera-cuarto-de-ba-o-vitta.html,29/03/2019,9,9,00:00:00,9,100.00%,100.00%,€0.00
/banco-auxiliar-minimalista-marron-madera-cuarto-de-ba-o-vitta.html,30/03/2019,9,9,00:00:00,9,100.00%,100.00%,€0.00
/banco-auxiliar-minimalista-marron-madera-cuarto-de-ba-o-vitta.html,31/03/2019,9,9,00:00:00,9,100.00%,100.00%,€0.00
